{
    "keystone_username": "put your user",
    "keystone_password": "put your password",
    "keystone_tenant_name": "ALIEN4Cloud",
    "keystone_url": "http://129.185.67.11:5000/v2.0",
    "region": "RegionOne",
    "manager_public_key_name": "put the name of your key for the manager machine",
    "agent_public_key_name": "put the name of your key for all machines that will be created by this manager",
    "image_id": "727df994-2e1b-404e-9276-b248223a835d",
    "flavor_id": "2",
    "external_network_name": "The external network name for floating IPs",

    "use_existing_manager_keypair": true,
    "use_existing_agent_keypair": true,
    "manager_server_name": "put the management server name",
    "manager_server_user": "root",
    "manager_server_user_home": "/root",
    "manager_private_key_path": "put the path to your key here",
    "agent_private_key_path": "put the path to your key here",
    "agents_user": "root",
    "nova_url": "http://129.185.67.11:8774/v2/a04007f8e8e34867973059cb4a27a66d",
    "neutron_url": "http://129.185.67.11:9696/",
    "resources_prefix": "prefix resources created with your manager if needed"
}
